<?xml version="1.0" encoding="UTF-8"?>
<project-private xmlns="http://www.netbeans.org/ns/project-private/1">
    <editor-bookmarks xmlns="http://www.netbeans.org/ns/editor-bookmarks/2" lastBookmarkId="0"/>
    <open-files xmlns="http://www.netbeans.org/ns/projectui-open-files/2">
        <group>
            <file>file:/C:/Users/Adisis/Desktop/oopr3/web/output.jsp</file>
            <file>file:/C:/Users/Adisis/Desktop/oopr3/src/java/application/Sentence.java</file>
            <file>file:/C:/Users/Adisis/Desktop/oopr3/src/java/presentation/output.java</file>
            <file>file:/C:/Users/Adisis/Desktop/oopr3/web/index.jsp</file>
        </group>
    </open-files>
</project-private>
